Workbook

Sheet actual_result
A1: ym | B1: Agr1 | C1: Agr2 | D1: Agr3 | E1: Agr4 | F1: Agr5 | G1: Agr6 | H1: Agr7 | I1: Agr8 | J1: Agr9 | K1: Agr10 | L1: Agr11 | M1: Agr12 | N1: Agr13 | O1: Agr14
A2: 29860 | B2: 0 | C2: 0 | D2: 0 | E2: 0 | F2: 0 | G2: 0 | H2: 0 | I2: 0 | J2: 0 | K2: 0 | L2: 0 | M2: 0 | N2: 0 | O2: 0
A3: 29891 | B3: 0 | C3: 0 | D3: 0 | E3: 0 | F3: 0 | G3: 0 | H3: 0 | I3: 0 | J3: 0 | K3: 0 | L3: 0 | M3: 0 | N3: 0 | O3: 0
A4: 29921 | B4: 0 | C4: 0 | D4: 0 | E4: 0 | F4: 0 | G4: 0 | H4: 0 | I4: 0 | J4: 0 | K4: 0 | L4: 0 | M4: 0 | N4: 0 | O4: 0
A5: 29952 | B5: 0 | C5: 0 | D5: 0 | E5: 0 | F5: 0 | G5: 0 | H5: 0 | I5: 0 | J5: 0 | K5: 0 | L5: 0 | M5: 0 | N5: 0 | O5: 0
A6: 29983 | B6: 0 | C6: 0 | D6: 0 | E6: 0 | F6: 0 | G6: 0 | H6: 0 | I6: 0 | J6: 0 | K6: 0 | L6: 0 | M6: 0 | N6: 0 | O6: 0
A7: 30011 | B7: 0 | C7: 0 | D7: 0 | E7: 0 | F7: 0 | G7: 0 | H7: 0 | I7: 0 | J7: 0 | K7: 0 | L7: 0 | M7: 0 | N7: 0 | O7: 0
A8: 30042 | B8: 0 | C8: 0 | D8: 0 | E8: 0 | F8: 0 | G8: 0 | H8: 0 | I8: 0 | J8: 0 | K8: 0 | L8: 0 | M8: 0 | N8: 0 | O8: 0
A9: 30072 | B9: 15.42019 | C9: 1.4084333 | D9: 5.2400131 | E9: 11.599065 | F9: 7.7809771 | G9: 2.4363974 | H9: 7.2615855 | I9: 16.578557 | J9: 8.9171221 | K9: 4.7696843 | L9: 36.576484 | M9: 78.410711 | N9: 17.36919 | O9: 48.09421
A10: 30103 | B10: 14.922765 | C10: 1.363 | D10: 5.0709804 | E10: 11.224902 | F10: 4.1669849 | G10: 2.3578039 | H10: 3.6743843 | I10: 16.043765 | J10: 5.8858845 | K10: 4.6158235 | L10: 24.284921 | M10: 75.881333 | N10: 12.568108 | O10: 46.542784
A11: 30133 | B11: 15.42019 | C11: 1.4084333 | D11: 5.2400131 | E11: 11.599065 | F11: 10.490194 | G11: 2.4363974 | H11: 6.7239825 | I11: 16.578557 | J11: 8.7604789 | K11: 4.7696843 | L11: 37.135686 | M11: 78.410711 | N11: 14.529857 | O11: 48.09421
A12: 30164 | B12: 15.42019 | C12: 1.4084333 | D12: 5.2400131 | E12: 11.599065 | F12: 14.891481 | G12: 2.4363974 | H12: 15.34261 | I12: 16.578557 | J12: 12.962743 | K12: 4.7696843 | L12: 61.475083 | M12: 78.410711 | N12: 25.531674 | O12: 48.09421
A13: 30195 | B13: 14.922765 | C13: 1.363 | D13: 5.0709804 | E13: 11.224902 | F13: 9.2901294 | G13: 2.3578039 | H13: 12.191064 | I13: 16.043765 | J13: 12.143336 | K13: 4.6158235 | L13: 33.337644 | M13: 75.881333 | N13: 24.56982 | O13: 46.542784
... A469: 44075 | B469: 9.9485098 | C469: 0.90866667 | D469: 3.3806536 | E469: 7.483268 | F469: 10.961268 | G469: 1.5718693 | H469: 10.068183 | I469: 10.695843 | J469: 8.818366 | K469: 3.0772157 | L469: 49.601895 | M469: 50.587556 | N469: 16.994679 | O469: 31.028523

Sheet demand
A1: ym | B1: Agr1 | C1: Agr2 | D1: Agr3 | E1: Agr4 | F1: Agr5 | G1: Agr6 | H1: Agr7 | I1: Agr8 | J1: Agr9 | K1: Agr10 | L1: Agr11 | M1: Agr12 | N1: Agr13 | O1: Agr14
A2: 29860 | B2: 0 | C2: 0 | D2: 0 | E2: 0 | F2: 0 | G2: 0 | H2: 0 | I2: 0 | J2: 0 | K2: 0 | L2: 0 | M2: 0 | N2: 0 | O2: 0
A3: 29891 | B3: 0 | C3: 0 | D3: 0 | E3: 0 | F3: 0 | G3: 0 | H3: 0 | I3: 0 | J3: 0 | K3: 0 | L3: 0 | M3: 0 | N3: 0 | O3: 0
A4: 29921 | B4: 0 | C4: 0 | D4: 0 | E4: 0 | F4: 0 | G4: 0 | H4: 0 | I4: 0 | J4: 0 | K4: 0 | L4: 0 | M4: 0 | N4: 0 | O4: 0
A5: 29952 | B5: 0 | C5: 0 | D5: 0 | E5: 0 | F5: 0 | G5: 0 | H5: 0 | I5: 0 | J5: 0 | K5: 0 | L5: 0 | M5: 0 | N5: 0 | O5: 0
A6: 29983 | B6: 0 | C6: 0 | D6: 0 | E6: 0 | F6: 0 | G6: 0 | H6: 0 | I6: 0 | J6: 0 | K6: 0 | L6: 0 | M6: 0 | N6: 0 | O6: 0
A7: 30011 | B7: 0 | C7: 0 | D7: 0 | E7: 0 | F7: 0 | G7: 0 | H7: 0 | I7: 0 | J7: 0 | K7: 0 | L7: 0 | M7: 0 | N7: 0 | O7: 0
A8: 30042 | B8: 0 | C8: 0 | D8: 0 | E8: 0 | F8: 0 | G8: 0 | H8: 0 | I8: 0 | J8: 0 | K8: 0 | L8: 0 | M8: 0 | N8: 0 | O8: 0
A9: 30072 | B9: 15.42019 | C9: 1.4084333 | D9: 5.2400131 | E9: 11.599065 | F9: 16.989965 | G9: 2.4363974 | H9: 15.605684 | I9: 16.578557 | J9: 13.668467 | K9: 4.7696843 | L9: 76.882938 | M9: 78.410711 | N9: 42.960914 | O9: 48.09421
A10: 30103 | B10: 14.922765 | C10: 1.363 | D10: 5.0709804 | E10: 11.224902 | F10: 16.441902 | G10: 2.3578039 | H10: 15.102275 | I10: 16.043765 | J10: 13.227549 | K10: 4.6158235 | L10: 74.402843 | M10: 75.881333 | N10: 41.575078 | O10: 46.542784
A11: 30133 | B11: 15.42019 | C11: 1.4084333 | D11: 5.2400131 | E11: 11.599065 | F11: 16.989965 | G11: 2.4363974 | H11: 15.605684 | I11: 16.578557 | J11: 13.668467 | K11: 4.7696843 | L11: 76.882938 | M11: 78.410711 | N11: 42.960914 | O11: 48.09421
A12: 30164 | B12: 15.42019 | C12: 1.4084333 | D12: 5.2400131 | E12: 11.599065 | F12: 16.989965 | G12: 2.4363974 | H12: 15.605684 | I12: 16.578557 | J12: 13.668467 | K12: 4.7696843 | L12: 76.882938 | M12: 78.410711 | N12: 42.960914 | O12: 48.09421
A13: 30195 | B13: 14.922765 | C13: 1.363 | D13: 5.0709804 | E13: 11.224902 | F13: 16.441902 | G13: 2.3578039 | H13: 15.102275 | I13: 16.043765 | J13: 13.227549 | K13: 4.6158235 | L13: 74.402843 | M13: 75.881333 | N13: 41.575078 | O13: 46.542784
... A469: 44075 | B469: 9.9485098 | C469: 0.90866667 | D469: 3.3806536 | E469: 7.483268 | F469: 10.961268 | G469: 1.5718693 | H469: 10.068183 | I469: 10.695843 | J469: 8.818366 | K469: 3.0772157 | L469: 49.601895 | M469: 50.587556 | N469: 27.716719 | O469: 31.028523

Sheet Reliability
A1: ym | B1: Agr1 | C1: Agr2 | D1: Agr3 | E1: Agr4 | F1: Agr5 | G1: Agr6 | H1: Agr7 | I1: Agr8 | J1: Agr9 | K1: Agr10 | L1: Agr11 | M1: Agr12 | N1: Agr13 | O1: Agr14
A2: 29860 | B2: =actual_result!B2/demand!B2 -> #DIV/0! | C2: =actual_result!C2/demand!C2 -> #DIV/0! | D2: =actual_result!D2/demand!D2 -> #DIV/0! | E2: =actual_result!E2/demand!E2 -> #DIV/0! | F2: =actual_result!F2/demand!F2 -> #DIV/0! | G2: =actual_result!G2/demand!G2 -> #DIV/0! | H2: =actual_result!H2/demand!H2 -> #DIV/0! | I2: =actual_result!I2/demand!I2 -> #DIV/0! | ... O2: =actual_result!O2/demand!O2 -> #DIV/0!
A3: 29891 | B3: =actual_result!B3/demand!B3 -> #DIV/0! | C3: =actual_result!C3/demand!C3 -> #DIV/0! | D3: =actual_result!D3/demand!D3 -> #DIV/0! | E3: =actual_result!E3/demand!E3 -> #DIV/0! | F3: =actual_result!F3/demand!F3 -> #DIV/0! | G3: =actual_result!G3/demand!G3 -> #DIV/0! | H3: =actual_result!H3/demand!H3 -> #DIV/0! | I3: =actual_result!I3/demand!I3 -> #DIV/0! | ... O3: =actual_result!O3/demand!O3 -> #DIV/0!
A4: 29921 | B4: =actual_result!B4/demand!B4 -> #DIV/0! | C4: =actual_result!C4/demand!C4 -> #DIV/0! | D4: =actual_result!D4/demand!D4 -> #DIV/0! | E4: =actual_result!E4/demand!E4 -> #DIV/0! | F4: =actual_result!F4/demand!F4 -> #DIV/0! | G4: =actual_result!G4/demand!G4 -> #DIV/0! | H4: =actual_result!H4/demand!H4 -> #DIV/0! | I4: =actual_result!I4/demand!I4 -> #DIV/0! | ... O4: =actual_result!O4/demand!O4 -> #DIV/0!
A5: 29952 | B5: =actual_result!B5/demand!B5 -> #DIV/0! | C5: =actual_result!C5/demand!C5 -> #DIV/0! | D5: =actual_result!D5/demand!D5 -> #DIV/0! | E5: =actual_result!E5/demand!E5 -> #DIV/0! | F5: =actual_result!F5/demand!F5 -> #DIV/0! | G5: =actual_result!G5/demand!G5 -> #DIV/0! | H5: =actual_result!H5/demand!H5 -> #DIV/0! | I5: =actual_result!I5/demand!I5 -> #DIV/0! | ... O5: =actual_result!O5/demand!O5 -> #DIV/0!
A6: 29983 | B6: =actual_result!B6/demand!B6 -> #DIV/0! | C6: =actual_result!C6/demand!C6 -> #DIV/0! | D6: =actual_result!D6/demand!D6 -> #DIV/0! | E6: =actual_result!E6/demand!E6 -> #DIV/0! | F6: =actual_result!F6/demand!F6 -> #DIV/0! | G6: =actual_result!G6/demand!G6 -> #DIV/0! | H6: =actual_result!H6/demand!H6 -> #DIV/0! | I6: =actual_result!I6/demand!I6 -> #DIV/0! | ... O6: =actual_result!O6/demand!O6 -> #DIV/0!
A7: 30011 | B7: =actual_result!B7/demand!B7 -> #DIV/0! | C7: =actual_result!C7/demand!C7 -> #DIV/0! | D7: =actual_result!D7/demand!D7 -> #DIV/0! | E7: =actual_result!E7/demand!E7 -> #DIV/0! | F7: =actual_result!F7/demand!F7 -> #DIV/0! | G7: =actual_result!G7/demand!G7 -> #DIV/0! | H7: =actual_result!H7/demand!H7 -> #DIV/0! | I7: =actual_result!I7/demand!I7 -> #DIV/0! | ... O7: =actual_result!O7/demand!O7 -> #DIV/0!
A8: 30042 | B8: =actual_result!B8/demand!B8 -> #DIV/0! | C8: =actual_result!C8/demand!C8 -> #DIV/0! | D8: =actual_result!D8/demand!D8 -> #DIV/0! | E8: =actual_result!E8/demand!E8 -> #DIV/0! | F8: =actual_result!F8/demand!F8 -> #DIV/0! | G8: =actual_result!G8/demand!G8 -> #DIV/0! | H8: =actual_result!H8/demand!H8 -> #DIV/0! | I8: =actual_result!I8/demand!I8 -> #DIV/0! | ... O8: =actual_result!O8/demand!O8 -> #DIV/0!
A9: 30072 | B9: =actual_result!B9/demand!B9 -> 1 | C9: =actual_result!C9/demand!C9 -> 1 | D9: =actual_result!D9/demand!D9 -> 1 | E9: =actual_result!E9/demand!E9 -> 1 | F9: =actual_result!F9/demand!F9 -> 0.45797486 | G9: =actual_result!G9/demand!G9 -> 1 | H9: =actual_result!H9/demand!H9 -> 0.46531672 | I9: =actual_result!I9/demand!I9 -> 1 | ... O9: =actual_result!O9/demand!O9 -> 1
A10: 30103 | B10: =actual_result!B10/demand!B10 -> 1 | C10: =actual_result!C10/demand!C10 -> 1 | D10: =actual_result!D10/demand!D10 -> 1 | E10: =actual_result!E10/demand!E10 -> 1 | F10: =actual_result!F10/demand!F10 -> 0.25343691 | G10: =actual_result!G10/demand!G10 -> 1 | H10: =actual_result!H10/demand!H10 -> 0.24330006 | I10: =actual_result!I10/demand!I10 -> 1 | ... O10: =actual_result!O10/demand!O10 -> 1
A11: 30133 | B11: =actual_result!B11/demand!B11 -> 1 | C11: =actual_result!C11/demand!C11 -> 1 | D11: =actual_result!D11/demand!D11 -> 1 | E11: =actual_result!E11/demand!E11 -> 1 | F11: =actual_result!F11/demand!F11 -> 0.61743469 | G11: =actual_result!G11/demand!G11 -> 1 | H11: =actual_result!H11/demand!H11 -> 0.43086754 | I11: =actual_result!I11/demand!I11 -> 1 | ... O11: =actual_result!O11/demand!O11 -> 1
A12: 30164 | B12: =actual_result!B12/demand!B12 -> 1 | C12: =actual_result!C12/demand!C12 -> 1 | D12: =actual_result!D12/demand!D12 -> 1 | E12: =actual_result!E12/demand!E12 -> 1 | F12: =actual_result!F12/demand!F12 -> 0.87648683 | G12: =actual_result!G12/demand!G12 -> 1 | H12: =actual_result!H12/demand!H12 -> 0.98314243 | I12: =actual_result!I12/demand!I12 -> 1 | ... O12: =actual_result!O12/demand!O12 -> 1
A13: 30195 | B13: =actual_result!B13/demand!B13 -> 1 | C13: =actual_result!C13/demand!C13 -> 1 | D13: =actual_result!D13/demand!D13 -> 1 | E13: =actual_result!E13/demand!E13 -> 1 | F13: =actual_result!F13/demand!F13 -> 0.56502766 | G13: =actual_result!G13/demand!G13 -> 1 | H13: =actual_result!H13/demand!H13 -> 0.80723361 | I13: =actual_result!I13/demand!I13 -> 1 | ... O13: =actual_result!O13/demand!O13 -> 1
... A469: 44075 | B469: =actual_result!B469/demand!B469 -> 1 | C469: =actual_result!C469/demand!C469 -> 1 | D469: =actual_result!D469/demand!D469 -> 1 | E469: =actual_result!E469/demand!E469 -> 1 | F469: =actual_result!F469/demand!F469 -> 1 | G469: =actual_result!G469/demand!G469 -> 1 | H469: =actual_result!H469/demand!H469 -> 1 | I469: =actual_result!I469/demand!I469 -> 1 | ... O469: =actual_result!O469/demand!O469 -> 1

Sheet 2018-2020
A1: ym | B1: Agr1 | C1: Agr2 | D1: Agr3 | E1: Agr4 | F1: Agr5 | G1: Agr6 | H1: Agr7 | I1: Agr8 | J1: Agr9 | K1: Agr10 | L1: Agr11 | M1: Agr12 | N1: Agr13 | O1: Agr14
A2: 43101 | B2: =actual_result!B2/demand!B2 -> #DIV/0! | C2: =actual_result!C2/demand!C2 -> #DIV/0! | D2: =actual_result!D2/demand!D2 -> #DIV/0! | E2: =actual_result!E2/demand!E2 -> #DIV/0! | F2: =actual_result!F2/demand!F2 -> #DIV/0! | G2: =actual_result!G2/demand!G2 -> #DIV/0! | H2: =actual_result!H2/demand!H2 -> #DIV/0! | I2: =actual_result!I2/demand!I2 -> #DIV/0! | ... O2: =actual_result!O2/demand!O2 -> #DIV/0!
A3: 43132 | B3: =actual_result!B3/demand!B3 -> #DIV/0! | C3: =actual_result!C3/demand!C3 -> #DIV/0! | D3: =actual_result!D3/demand!D3 -> #DIV/0! | E3: =actual_result!E3/demand!E3 -> #DIV/0! | F3: =actual_result!F3/demand!F3 -> #DIV/0! | G3: =actual_result!G3/demand!G3 -> #DIV/0! | H3: =actual_result!H3/demand!H3 -> #DIV/0! | I3: =actual_result!I3/demand!I3 -> #DIV/0! | ... O3: =actual_result!O3/demand!O3 -> #DIV/0!
A4: 43160 | B4: =actual_result!B4/demand!B4 -> #DIV/0! | C4: =actual_result!C4/demand!C4 -> #DIV/0! | D4: =actual_result!D4/demand!D4 -> #DIV/0! | E4: =actual_result!E4/demand!E4 -> #DIV/0! | F4: =actual_result!F4/demand!F4 -> #DIV/0! | G4: =actual_result!G4/demand!G4 -> #DIV/0! | H4: =actual_result!H4/demand!H4 -> #DIV/0! | I4: =actual_result!I4/demand!I4 -> #DIV/0! | ... O4: =actual_result!O4/demand!O4 -> #DIV/0!
A5: 43191 | B5: =actual_result!B5/demand!B5 -> #DIV/0! | C5: =actual_result!C5/demand!C5 -> #DIV/0! | D5: =actual_result!D5/demand!D5 -> #DIV/0! | E5: =actual_result!E5/demand!E5 -> #DIV/0! | F5: =actual_result!F5/demand!F5 -> #DIV/0! | G5: =actual_result!G5/demand!G5 -> #DIV/0! | H5: =actual_result!H5/demand!H5 -> #DIV/0! | I5: =actual_result!I5/demand!I5 -> #DIV/0! | ... O5: =actual_result!O5/demand!O5 -> #DIV/0!
A6: 43221 | B6: =actual_result!B6/demand!B6 -> #DIV/0! | C6: =actual_result!C6/demand!C6 -> #DIV/0! | D6: =actual_result!D6/demand!D6 -> #DIV/0! | E6: =actual_result!E6/demand!E6 -> #DIV/0! | F6: =actual_result!F6/demand!F6 -> #DIV/0! | G6: =actual_result!G6/demand!G6 -> #DIV/0! | H6: =actual_result!H6/demand!H6 -> #DIV/0! | I6: =actual_result!I6/demand!I6 -> #DIV/0! | ... O6: =actual_result!O6/demand!O6 -> #DIV/0!
A7: 43252 | B7: =actual_result!B7/demand!B7 -> #DIV/0! | C7: =actual_result!C7/demand!C7 -> #DIV/0! | D7: =actual_result!D7/demand!D7 -> #DIV/0! | E7: =actual_result!E7/demand!E7 -> #DIV/0! | F7: =actual_result!F7/demand!F7 -> #DIV/0! | G7: =actual_result!G7/demand!G7 -> #DIV/0! | H7: =actual_result!H7/demand!H7 -> #DIV/0! | I7: =actual_result!I7/demand!I7 -> #DIV/0! | ... O7: =actual_result!O7/demand!O7 -> #DIV/0!
A8: 43282 | B8: =actual_result!B8/demand!B8 -> #DIV/0! | C8: =actual_result!C8/demand!C8 -> #DIV/0! | D8: =actual_result!D8/demand!D8 -> #DIV/0! | E8: =actual_result!E8/demand!E8 -> #DIV/0! | F8: =actual_result!F8/demand!F8 -> #DIV/0! | G8: =actual_result!G8/demand!G8 -> #DIV/0! | H8: =actual_result!H8/demand!H8 -> #DIV/0! | I8: =actual_result!I8/demand!I8 -> #DIV/0! | ... O8: =actual_result!O8/demand!O8 -> #DIV/0!
A9: 43313 | B9: =actual_result!B9/demand!B9 -> 1 | C9: =actual_result!C9/demand!C9 -> 1 | D9: =actual_result!D9/demand!D9 -> 1 | E9: =actual_result!E9/demand!E9 -> 1 | F9: =actual_result!F9/demand!F9 -> 0.45797486 | G9: =actual_result!G9/demand!G9 -> 1 | H9: =actual_result!H9/demand!H9 -> 0.46531672 | I9: =actual_result!I9/demand!I9 -> 1 | ... O9: =actual_result!O9/demand!O9 -> 1
A10: 43344 | B10: =actual_result!B10/demand!B10 -> 1 | C10: =actual_result!C10/demand!C10 -> 1 | D10: =actual_result!D10/demand!D10 -> 1 | E10: =actual_result!E10/demand!E10 -> 1 | F10: =actual_result!F10/demand!F10 -> 0.25343691 | G10: =actual_result!G10/demand!G10 -> 1 | H10: =actual_result!H10/demand!H10 -> 0.24330006 | I10: =actual_result!I10/demand!I10 -> 1 | ... O10: =actual_result!O10/demand!O10 -> 1
A11: 43374 | B11: =actual_result!B11/demand!B11 -> 1 | C11: =actual_result!C11/demand!C11 -> 1 | D11: =actual_result!D11/demand!D11 -> 1 | E11: =actual_result!E11/demand!E11 -> 1 | F11: =actual_result!F11/demand!F11 -> 0.61743469 | G11: =actual_result!G11/demand!G11 -> 1 | H11: =actual_result!H11/demand!H11 -> 0.43086754 | I11: =actual_result!I11/demand!I11 -> 1 | ... O11: =actual_result!O11/demand!O11 -> 1
A12: 43405 | B12: =actual_result!B12/demand!B12 -> 1 | C12: =actual_result!C12/demand!C12 -> 1 | D12: =actual_result!D12/demand!D12 -> 1 | E12: =actual_result!E12/demand!E12 -> 1 | F12: =actual_result!F12/demand!F12 -> 0.87648683 | G12: =actual_result!G12/demand!G12 -> 1 | H12: =actual_result!H12/demand!H12 -> 0.98314243 | I12: =actual_result!I12/demand!I12 -> 1 | ... O12: =actual_result!O12/demand!O12 -> 1
A13: 43435 | B13: =actual_result!B13/demand!B13 -> 1 | C13: =actual_result!C13/demand!C13 -> 1 | D13: =actual_result!D13/demand!D13 -> 1 | E13: =actual_result!E13/demand!E13 -> 1 | F13: =actual_result!F13/demand!F13 -> 0.56502766 | G13: =actual_result!G13/demand!G13 -> 1 | H13: =actual_result!H13/demand!H13 -> 0.80723361 | I13: =actual_result!I13/demand!I13 -> 1 | ... O13: =actual_result!O13/demand!O13 -> 1
... A34: 44075 | B34: =actual_result!B34/demand!B34 -> 1 | C34: =actual_result!C34/demand!C34 -> 1 | D34: =actual_result!D34/demand!D34 -> 1 | E34: =actual_result!E34/demand!E34 -> 1 | F34: =actual_result!F34/demand!F34 -> 0.73919036 | G34: =actual_result!G34/demand!G34 -> 1 | H34: =actual_result!H34/demand!H34 -> 0.72435167 | I34: =actual_result!I34/demand!I34 -> 1 | ... O34: =actual_result!O34/demand!O34 -> 1
